name,url
Unconventional Diner,https://www.yelp.com/biz/unconventional-diner-washington-3
Founding Farmers - Washington,https://www.yelp.com/biz/founding-farmers-washington-washington-3
Boqueria Penn Quarter,https://www.yelp.com/biz/boqueria-penn-quarter-washington-4
Le Diplomate,https://www.yelp.com/biz/le-diplomate-washington
Cane,https://www.yelp.com/biz/cane-washington-3
Maydan,https://www.yelp.com/biz/maydan-washington-2
Astoria DC,https://www.yelp.com/biz/astoria-dc-washington
1914 By Kolben,https://www.yelp.com/biz/1914-by-kolben-washington
LArdente,https://www.yelp.com/biz/l-ardente-washington
Balangay,https://www.yelp.com/biz/balangay-washington-2
Toki Underground,https://www.yelp.com/biz/toki-underground-washington
Old Ebbitt Grill,https://www.yelp.com/biz/old-ebbitt-grill-washington
The Smith,https://www.yelp.com/biz/the-smith-washington-2
Da Hong Pao,https://www.yelp.com/biz/da-hong-pao-washington
Baan Siam,https://www.yelp.com/biz/baan-siam-washington
The Hamilton,https://www.yelp.com/biz/the-hamilton-washington
ANJU,https://www.yelp.com/biz/anju-washington
Busboys and Poets - 450K,https://www.yelp.com/biz/busboys-and-poets-450k-washington
The Fainting Goat,https://www.yelp.com/biz/the-fainting-goat-washington
Estadio,https://www.yelp.com/biz/estadio-washington
Commissary,https://www.yelp.com/biz/commissary-washington
City Tap House Penn Quarter,https://www.yelp.com/biz/city-tap-house-penn-quarter-washington
Nina May,https://www.yelp.com/biz/nina-may-washington
Mr Braxton Bar & Kitchen,https://www.yelp.com/biz/mr-braxton-bar-and-kitchen-washington
JINYA Ramen Bar - Washington DC,https://www.yelp.com/biz/jinya-ramen-bar-washington-washington
Proper 21,https://www.yelp.com/biz/proper-21-washington
MEXiCUE,https://www.yelp.com/biz/mexicue-washington-2
Pisco Y Nazca,https://www.yelp.com/biz/pisco-y-nazca-washington
dLeña,https://www.yelp.com/biz/dle%C3%B1a-washington-2
Service Bar,https://www.yelp.com/biz/service-bar-washington
Makan,https://www.yelp.com/biz/makan-washington
Albi,https://www.yelp.com/biz/albi-washington
Teds Bulletin,https://www.yelp.com/biz/teds-bulletin-washington-3
A Baked Joint,https://www.yelp.com/biz/a-baked-joint-washington-9
Copycat Co,https://www.yelp.com/biz/copycat-co-washington-2
The Block,https://www.yelp.com/biz/the-block-washington
El Secreto De Rosita,https://www.yelp.com/biz/el-secreto-de-rosita-washington
Mazi,https://www.yelp.com/biz/mazi-washington-2
Barcelona Wine Bar,https://www.yelp.com/biz/barcelona-wine-bar-washington
Gerrard Street Kitchen,https://www.yelp.com/biz/gerrard-street-kitchen-washington
Rumis Kitchen,https://www.yelp.com/biz/rumi-s-kitchen-washington
Han Palace,https://www.yelp.com/biz/han-palace-washington-2
Ambar,https://www.yelp.com/biz/ambar-washington
Chaplins,https://www.yelp.com/biz/chaplins-washington
El Sol Restaurant & Tequileria,https://www.yelp.com/biz/el-sol-restaurant-and-tequileria-washington-2
Qui Qui DC,https://www.yelp.com/biz/qui-qui-dc-washington
Etto,https://www.yelp.com/biz/etto-washington
Yardbird,https://www.yelp.com/biz/yardbird-washington-3
Immigrant Food,https://www.yelp.com/biz/immigrant-food-washington-5
O-Ku - Washington,https://www.yelp.com/biz/o-ku-washington-washington
Butter Me Up,https://www.yelp.com/biz/butter-me-up-washington
Laos In Town,https://www.yelp.com/biz/laos-in-town-washington-3
KitchenCray - H Street,https://www.yelp.com/biz/kitchencray-h-street-washington
Logan Tavern,https://www.yelp.com/biz/logan-tavern-washington
Busboys and Poets - Brookland,https://www.yelp.com/biz/busboys-and-poets-brookland-washington
The Red Hen,https://www.yelp.com/biz/the-red-hen-washington-4
Cracked Eggery,https://www.yelp.com/biz/cracked-eggery-washington-4
Primrose,https://www.yelp.com/biz/primrose-washington
Fat Fish,https://www.yelp.com/biz/fat-fish-washington
Dumplings & Beyond,https://www.yelp.com/biz/dumplings-and-beyond-washington
CR NoMa,https://www.yelp.com/biz/cr-noma-washington-2
Retrobottega,https://www.yelp.com/biz/retrobottega-washington
London Curry House,https://www.yelp.com/biz/london-curry-house-washington-3
Dolce Vita Coastal Mediterranean Cuisine,https://www.yelp.com/biz/dolce-vita-coastal-mediterranean-cuisine-washington
Benitos Place,https://www.yelp.com/biz/benitos-place-washington
Floriana,https://www.yelp.com/biz/floriana-washington
Tico DC,https://www.yelp.com/biz/tico-dc-washington-2
All-Purpose Shaw,https://www.yelp.com/biz/all-purpose-shaw-washington-2
The Dabney,https://www.yelp.com/biz/the-dabney-washington
Milk & Honey,https://www.yelp.com/biz/milk-and-honey-washington
Modena,https://www.yelp.com/biz/modena-washington-2
The Duck and The Peach,https://www.yelp.com/biz/the-duck-and-the-peach-washington-2
Bistrot Du Coin,https://www.yelp.com/biz/bistrot-du-coin-washington
Bresca,https://www.yelp.com/biz/bresca-washington
Agora,https://www.yelp.com/biz/agora-washington-5
DC Noodles,https://www.yelp.com/biz/dc-noodles-washington-6
Busboys and Poets - 14th and V,https://www.yelp.com/biz/busboys-and-poets-14th-and-v-washington-2
Maiz 64,https://www.yelp.com/biz/maiz-64-washington-2
Carusos Grocery,https://www.yelp.com/biz/carusos-grocery-washington
Maketto,https://www.yelp.com/biz/maketto-washington-2
Toryumon Japanese House,https://www.yelp.com/biz/toryumon-japanese-house-washington
Archipelago,https://www.yelp.com/biz/archipelago-washington-2
Rasika,https://www.yelp.com/biz/rasika-washington
Destino,https://www.yelp.com/biz/destino-washington-2
Espita,https://www.yelp.com/biz/espita-washington-2
Compass Rose,https://www.yelp.com/biz/compass-rose-washington-3
Mikko,https://www.yelp.com/biz/mikko-washington
Lapis,https://www.yelp.com/biz/lapis-washington
The Haymaker Bar,https://www.yelp.com/biz/the-haymaker-bar-washington
Maman Joon,https://www.yelp.com/biz/maman-joon-washington
China Chilcano,https://www.yelp.com/biz/china-chilcano-washington-2
Via Sophia,https://www.yelp.com/biz/via-sophia-washington-3
Takara 14,https://www.yelp.com/biz/takara-14-washington
District Taco,https://www.yelp.com/biz/district-taco-washington-6
St James - Modern Caribbean,https://www.yelp.com/biz/st-james-modern-caribbean-washington
Dauphines,https://www.yelp.com/biz/dauphine-s-washington
Bombay Street Food,https://www.yelp.com/biz/bombay-street-food-washington
The Capital Burger,https://www.yelp.com/biz/the-capital-burger-washington-6
Tortino Restaurant,https://www.yelp.com/biz/tortino-restaurant-washington
Taqueria Xochi,https://www.yelp.com/biz/taqueria-xochi-washington